Nombre,Frecuencia,Edad Media (*),Gender,Percentage,Popularity,Is_Compound,Character_Count,Syllable_Count,Family_Origin,Name_Description
ANGELA PIEDAD,27,46.8,Female,0.000121854148978,21047,True,13,5,Español,"**ANGELA PIEDAD** es un nombre compuesto de origen español que fusiona dos conceptos de gran belleza y significado espiritual.

**Angela** proviene del griego ""angelos"" (mensajero) y el latín ""angelus"", evocando la pureza y la gracia de un ser celestial. Es un nombre de arraigada tradición cristiana.

**Piedad** deriva del latín ""pietas"", que significa devoción, compasión y misericordia. En la cultura española, está fuertemente asociado a la advocación mariana de ""Nuestra Señora de la Piedad""..."
ZEENAT,28,29.5,Female,0.0001263672656068,20980,False,6,2,Árabe,**Francisca Ana** es un nombre compuesto de profundo arraigo español," que conjuga tradición y significado."

**Francisca**," de origen latino"," deriva de ""Franciscus"""," que significa ""la francesa"" o ""la libre"". Es un nombre con una fuerte connotación católica"," muy popular por San Francisco de Asís"," y en el mundo hispano a menudo se abrevia cariñosamente como **Paca** o **Panchita**."
,,,,,,,,,,**Mariela Cecilia** es una combinación de nombres de profundo arraigo español," cada uno con su propia historia y significado."

**Mariela** es un diminutivo afectuoso de **María**," nombre de origen hebreo (Miryam) que se interpreta como ""la elegida"""," ""amada de Dios"" o ""estrella del mar"". Evoca dulzura"," gracia y una conexión con la tradición y la espiritualidad cristiana.",,,,,,,"**NAYELIN**

Nayelin es un nombre de origen latinoamericano, moderno y con un sonido melódico. Aunque no posee una etimología antigua y universalmente reconocida, se asocia a menudo con la sonoridad de nombres como Nayeli, que en algunas lenguas indígenas (como el zapoteco) se interpreta como ""te quiero"" o ""mi amor"", lo que le confiere un matiz de ternura.

Su popularidad ha crecido en países de habla hispana, especialmente en México y Centroamérica, donde es elegido por su sonoridad suave y ..."
,,,,,,,,,,"**MACTAR** es un nombre masculino de origen africano, predominantemente popular en África Occidental, especialmente en países como Senegal.

Se considera que es una variante o está estrechamente relacionado con el nombre árabe **""Mukhtar""** (o Mokhtar), que significa **""el elegido""** o **""el seleccionado""**. Este significado le confiere una connotación de distinción, liderazgo o alguien predestinado.

En el contexto cultural, Mactar es un nombre muy respetado, a menudo asociado a figuras de a..."
"**Cecilia** proviene del latín ""Caecilius"""," relacionado con ""caecus"" (ciego)"," aunque su gran relevancia cultural se debe a ..."," como muchos nombres de esta cultura"," es profundamente significativo y puede tener diversas interpretaciones según los caracteres con los que se escriba."

Una de las combinaciones más poéticas y comunes asocia 'Shan' (山) con 'montaña'," simbolizando grandeza"," solidez y resiliencia. Por otro lado"," el carácter 'Yi' (宜 o 怡"," entre otros) puede significar 'apropiado'"," 'agradable' o 'armonía'."

"Esto convierte a Yishan en un nombre que a menudo evoca imágenes..."""
**Ana**," de raíz hebrea (Hannah)"," significa ""gracia"" o ""favor"". Es un nombre bíblico universalmente reconocido"," as..."," que conjuga tradición y significado."

**Francisca**," de origen latino"," deriva de ""Franciscus"""," que significa ""la francesa"" o ""la libre"". Es un nombre con una fuerte connotación católica"," muy popular por San Francisco de Asís"," y en el mundo hispano a menudo se abrevia cariñosamente como **Paca** o **Panchita**."

**Ana**," de raíz hebrea (Hannah)"," significa ""gracia"" o ""favor"". Es un nombre bíblico universalmente reconocido"," as..."," que conjuga tradición y significado."

**Francisca**," de origen latino"," deriva de ""Franciscus"""," que significa ""la francesa"" o ""la libre"". Es un nombre con una fuerte connotación católica"," muy popular por San Francisco de Asís"," y en el mundo hispano a menudo se abrevia cariñosamente como **Paca** o **Panchita**."

**Ana**," de raíz hebrea (Hannah)"," significa ""gracia"" o ""favor"". Es un nombre bíblico universalmente reconocido"," as..."," cuyo significado principal es """"belleza"""""," """"adorno"""" o """"gracia"""". Evoca elegancia y distinción."

Es muy popular en el mundo árabe," así como en países del sur de Asia como India y Pakistán"," dada la influencia cultural y lingüística. Una referencia notable es **Zeenat Aman**"," la icónica actriz de Bollywood"," quien lleva este nombre con gran reconocimiento."

Si bien no tiene variantes directas en otros idiomas," su sonoridad y significado posit..."""
JORGE OSVALDO,50,58.3,Male,0.0002306503500303,12879,True,13,5,Español,"**Jorge Osvaldo** es un nombre compuesto de origen español, con raíces etimológicas ricas y diversas.

**Jorge** deriva del griego ""Georgios"" (γεωργός), que significa ""trabajador de la tierra"" o ""agricultor"". Su popularidad se debe en gran parte a San Jorge, el legendario caballero que venció al dragón, símbolo de valor y patrón de numerosas regiones (como Cataluña o Inglaterra). Variantes comunes incluyen George (inglés) y Georges (francés).

**Osvaldo** proviene del germánico ""Answald"" u ""O..."
EDWIN FABRICIO,22,33.8,Male,0.0001014861540133,24749,True,14,5,Latinoamericano,"El nombre compuesto **Edwin Fabricio** es un interesante cruce cultural.

**Edwin** proviene del anglosajón ""Eadwine"", que significa ""amigo próspero"" o ""amigo bendecido"". Un nombre clásico en el mundo angloparlante, llegó a Latinoamérica a través de diversas influencias culturales, siendo adoptado por su sonoridad y significado positivo.

Por su parte, **Fabricio** tiene raíces latinas, derivado de ""faber"" que significa ""artesano"" o ""el que trabaja con sus manos"". Este nombre ha sido muy comú..."
YISHAN,20,14.2,Female,9.026233257634828e-05,28284,False,6,2,Chino,"""YISHAN"" es un nombre de origen chino que, como muchos nombres de esta cultura, es profundamente significativo y puede tener diversas interpretaciones según los caracteres con los que se escriba.

Una de las combinaciones más poéticas y comunes asocia 'Shan' (山) con 'montaña', simbolizando grandeza, solidez y resiliencia. Por otro lado, el carácter 'Yi' (宜 o 怡, entre otros) puede significar 'apropiado', 'agradable' o 'armonía'.

Esto convierte a Yishan en un nombre que a menudo evoca imágenes..."
FRANCISCA ANA,225,60.1,Female,0.0010154512414839,3718,True,13,5,Español,"**Francisca Ana** es un nombre compuesto de profundo arraigo español, que conjuga tradición y significado.

**Francisca**, de origen latino, deriva de ""Franciscus"", que significa ""la francesa"" o ""la libre"". Es un nombre con una fuerte connotación católica, muy popular por San Francisco de Asís, y en el mundo hispano a menudo se abrevia cariñosamente como **Paca** o **Panchita**.

**Ana**, de raíz hebrea (Hannah), significa ""gracia"" o ""favor"". Es un nombre bíblico universalmente reconocido, as..."
NAYELIN,23,13.9,Female,0.0001038016824628,24755,False,7,3,Latinoamericano,"**NAYELIN**

Nayelin es un nombre de origen latinoamericano, moderno y con un sonido melódico. Aunque no posee una etimología antigua y universalmente reconocida, se asocia a menudo con la sonoridad de nombres como Nayeli, que en algunas lenguas indígenas (como el zapoteco) se interpreta como ""te quiero"" o ""mi amor"", lo que le confiere un matiz de ternura.

Su popularidad ha crecido en países de habla hispana, especialmente en México y Centroamérica, donde es elegido por su sonoridad suave y ..."
MACTAR,52,40.0,Male,0.0002398763640315,12496,False,6,2,Africano,"**MACTAR** es un nombre masculino de origen africano, predominantemente popular en África Occidental, especialmente en países como Senegal.

Se considera que es una variante o está estrechamente relacionado con el nombre árabe **""Mukhtar""** (o Mokhtar), que significa **""el elegido""** o **""el seleccionado""**. Este significado le confiere una connotación de distinción, liderazgo o alguien predestinado.

En el contexto cultural, Mactar es un nombre muy respetado, a menudo asociado a figuras de a..."
MARIELA CECILIA,31,43.7,Female,0.0001399066154933,18924,True,15,6,Español,"**Mariela Cecilia** es una combinación de nombres de profundo arraigo español, cada uno con su propia historia y significado.

**Mariela** es un diminutivo afectuoso de **María**, nombre de origen hebreo (Miryam) que se interpreta como ""la elegida"", ""amada de Dios"" o ""estrella del mar"". Evoca dulzura, gracia y una conexión con la tradición y la espiritualidad cristiana.

**Cecilia** proviene del latín ""Caecilius"", relacionado con ""caecus"" (ciego), aunque su gran relevancia cultural se debe a ..."
RAMONA VICTORIA,28,57.6,Female,0.0001263672656068,20851,True,15,6,Español,"**Ramona Victoria** es un nombre compuesto de profundo arraigo español que combina tradición y fuerza.

**Ramona** proviene del germánico *Ragemund*, que significa 'consejera protectora' o 'la que protege con su consejo'. En España, ha sido un nombre tradicional asociado a la sabiduría y el cuidado, evocando un encanto clásico.

**Victoria**, de origen latino, significa 'la victoriosa'. Evoca directamente el triunfo y el éxito, conectado con la diosa romana de la victoria. Es un nombre muy po..."
