Nombre,Frecuencia,Edad Media (*),Gender,Percentage,Popularity,Is_Compound,Character_Count,Syllable_Count,Family_Origin,Name_Description,Pronunciation_Spanish,Pronunciation_Foreign,Pronunciation_Explanation
YNOCENCIA,26,58.7,Female,0.0001173410323492,22396,False,9,3,Español,"**YNOCENCIA** es un nombre de origen español, una grafía antigua y distintiva de ""Inocencia"". Deriva directamente del latín *innocentia*, que significa ""cualidad de ser inocente"", ""puro"" o ""sin culpa"".

Este nombre es un claro ejemplo de un ""nombre de virtud"", profundamente arraigado en la cultura hispana y cristiana. Evoca valores como la bondad, la pureza, la sencillez y la ausencia de malicia. Aunque no se asocia comúnmente con personajes históricos mundialmente famosos bajo esta grafía es...",muy fácil,difícil,"Para los hispanohablantes, ""YNOCENCIA"" es muy fácil porque todos los fonemas (la 'Y' inicial como 'I', la 'C' suave) son comunes y se pronuncian intuitivamente según las reglas del español. No hay letras mudas ni combinaciones inusuales. Para los extranjeros, especialmente angloparlantes, la dificultad reside en la 'Y' inicial que se pronuncia como una 'I', lo cual puede ser confuso. Además, la 'C' ante 'E' o 'I' tiene un sonido específico (como 'th' en España o 's' en América Latina) que no existe directamente en inglés, requiriendo familiaridad con la fonética española."
RITA BELEN,30,43.8,Female,0.0001353934988645,19625,True,10,4,Español,"**RITA BELEN** es un hermoso nombre compuesto de origen español con profundas raíces etimológicas y culturales.

**Rita** es un diminutivo de Margarita, que proviene del griego ""margarites"", significando ""perla"". Este nombre evoca pureza, belleza y un valor preciado, popularizado en la tradición cristiana por Santa Rita de Casia.

Por su parte, **Belén** deriva del hebreo ""Beit Lejem"" (בית לחם), que se traduce como ""Casa del Pan"" o ""Casa de la Carne"". Es mundialmente conocida como la ciudad n...",muy fácil,muy fácil,"El nombre ""RITA BELEN"" es de pronunciación extremadamente sencilla para ambos grupos. Para los hablantes de español, contiene exclusivamente fonemas comunes y no presenta ninguna combinación inusual o sonido ajeno. Cada letra se pronuncia de manera intuitiva. Para los extranjeros, específicamente angloparlantes, los sonidos de ""Rita"" y ""Belen"" se corresponden casi directamente con fonemas ingleses. No hay sonidos problemáticos característicos del español como la 'rr' vibrante múltiple, la 'ñ' o la 'j' aspirada. La 'r' simple en 'Rita' es una vibrante simple en español, fácilmente asimilable o aproximable por un angloparlante, sin representar una dificultad significativa."
PEDRO JESUS,7277,45.3,Male,0.0335688519434183,321,True,11,4,Español,"Aquí tienes una descripción breve e interesante sobre el nombre ""Pedro Jesús"":

**Pedro Jesús** es un nombre compuesto español de profunda raíz cristiana y gran tradición.

El componente **Pedro** proviene del griego ""Petros"", que significa ""piedra"" o ""roca"". Su popularidad se debe a San Pedro, el apóstol principal y primer Papa, simbolizando así fortaleza, solidez y liderazgo. Tiene variantes comunes como Peter (inglés), Pierre (francés) o Pietro (italiano).

**Jesús** deriva del hebreo ""Yes...",muy fácil,difícil,"Para hispanohablantes, la pronunciación de ""PEDRO JESUS"" es muy fácil. Todos los fonemas son comunes y nativos del español, sin combinaciones complejas ni sonidos ajenos; las letras se pronuncian de forma intuitiva. Para extranjeros (principalmente angloparlantes), la dificultad es mayor. El sonido más problemático es la 'J' de ""JESUS"", que difiere notablemente de la 'J' inglesa y requiere aprender un fonema gutural específico. La 'R' vibrante simple de ""PEDRO"" también puede suponer un reto, aunque menor. No hay letras mudas."
VICTORIA ALEXANDRA,104,20.0,Female,0.000469364129397,6820,True,18,7,Griego,"El nombre compuesto **Victoria Alexandra** evoca una poderosa combinación de triunfo y protección.

**Victoria**, aunque de origen latino (""victoria"", triunfo), resuena con la diosa griega Niké, personificación de la victoria y el éxito. Este nombre está ligado históricamente a figuras emblemáticas como la Reina Victoria de Gran Bretaña, simbolizando una era de esplendor y fortaleza.

Por su parte, **Alexandra** es de raíces puramente griegas, derivado de ""Alexandros"", que significa ""la que d...",muy fácil,fácil,"Para españoles, la pronunciación de ""VICTORIA ALEXANDRA"" es muy fácil. Todas las letras corresponden a fonemas comunes en español y no hay combinaciones inusuales ni letras mudas. La 'V' se pronuncia como 'B' y la 'R' es suave. Para extranjeros (angloparlantes), es fácil. Ambos nombres son internacionales y la mayoría de los sonidos son idénticos o muy similares al inglés. La principal diferencia es la 'R' simple española, que es un sonido vibrante suave, pero no representa una dificultad significativa. No hay sonidos como la 'ñ', la 'rr' fuerte o la 'j' española."
ARTURO JOAQUIN,34,50.4,Male,0.0001568422380206,17427,True,14,5,Español,"El nombre **Arturo Joaquín** es una combinación con profunda resonancia española, uniendo fuerza y devoción.

**Arturo**, de origen debatido pero comúnmente asociado al celta ""artos"" (oso) o el latín *Artorius*, evoca liderazgo y nobleza, especialmente por su vínculo con la legendaria figura del Rey Arturo. Es un nombre que sugiere valentía y caballerosidad.

**Joaquín**, de raíces hebreas (*Yehoyaqim*), significa ""Yahvé establecerá"" o ""Dios levantará"", con una fuerte carga bíblica al ser, se...",muy fácil,difícil,"Para españoles, ""ARTURO JOAQUIN"" es muy fácil de pronunciar, ya que todos sus fonemas son comunes en el español y no presenta combinaciones inusuales. No hay letras mudas ni pronunciaciones no intuitivas. Para extranjeros (hablantes de inglés), la dificultad reside principalmente en la ""J"" de ""JOAQUIN"", un sonido gutural inexistente en inglés que a menudo se confunde con una ""J"" inglesa o una ""H"" suave. La ""R"" simple en ""ARTURO"" (un sonido vibrante suave) también puede ser un pequeño desafío. La ""QU"" en ""JOAQUIN"" se pronuncia como ""K"", no ""KW"". ""Arturo"" es más fácil para ellos que ""Joaquín""."
